,algorithm,query,retrieval
22,PmiPLRec,[],"[""Toy Story (1995)<br>Animation|Children's|Comedy<br>Popularity:1339.0"", ""Toy Story (1995)<br>Animation|Children's|Comedy<br>Popularity:1339.0"", ""Toy Story (1995)<br>Animation|Children's|Comedy<br>Popularity:1339.0""]"
22,PLRec,[],"[""Toy Story (1995)<br>Animation|Children's|Comedy<br>Popularity:1339.0"", ""Toy Story (1995)<br>Animation|Children's|Comedy<br>Popularity:1339.0"", ""Toy Story (1995)<br>Animation|Children's|Comedy<br>Popularity:1339.0""]"
22,PureSVD,[],"[""Toy Story (1995)<br>Animation|Children's|Comedy<br>Popularity:1339.0"", ""Toy Story (1995)<br>Animation|Children's|Comedy<br>Popularity:1339.0"", ""Toy Story (1995)<br>Animation|Children's|Comedy<br>Popularity:1339.0""]"
2,PureSVD,"['8 1/2 (1963)<br>Drama<br>Popularity:125.0', 'Unbearable Lightness of Being, The (1988)<br>Drama<br>Popularity:81.0', 'Bicentennial Man (1999)<br>Comedy|Drama|Sci-Fi<br>Popularity:93.0']","['Seven Samurai (The Magnificent Seven) (Shichinin no samurai) (1954)<br>Action|Drama<br>Popularity:458.0', 'Green Mile, The (1999)<br>Drama|Thriller<br>Popularity:714.0', 'Ran (1985)<br>Drama|War<br>Popularity:217.0']"
2,PLRec,"['8 1/2 (1963)<br>Drama<br>Popularity:125.0', 'Unbearable Lightness of Being, The (1988)<br>Drama<br>Popularity:81.0', 'Bicentennial Man (1999)<br>Comedy|Drama|Sci-Fi<br>Popularity:93.0']","['Seven Samurai (The Magnificent Seven) (Shichinin no samurai) (1954)<br>Action|Drama<br>Popularity:458.0', 'Green Mile, The (1999)<br>Drama|Thriller<br>Popularity:714.0', 'Ran (1985)<br>Drama|War<br>Popularity:217.0']"
2,PmiPLRec,"['8 1/2 (1963)<br>Drama<br>Popularity:125.0', 'Unbearable Lightness of Being, The (1988)<br>Drama<br>Popularity:81.0', 'Bicentennial Man (1999)<br>Comedy|Drama|Sci-Fi<br>Popularity:93.0']","['Citizen Kane (1941)<br>Drama<br>Popularity:729.0', 'Seven Samurai (The Magnificent Seven) (Shichinin no samurai) (1954)<br>Action|Drama<br>Popularity:458.0', 'Taxi Driver (1976)<br>Drama|Thriller<br>Popularity:807.0']"
12,PmiPLRec,"['8 Seconds (1994)<br>Drama<br>Popularity:20.0', 'Love & Sex (2000)<br>Comedy|Romance<br>Popularity:5.0']","[""Schindler's List (1993)<br>Drama|War<br>Popularity:1770.0"", 'Apollo 13 (1995)<br>Drama<br>Popularity:682.0', 'Jerry Maguire (1996)<br>Drama|Romance<br>Popularity:621.0']"
12,PureSVD,"['8 Seconds (1994)<br>Drama<br>Popularity:20.0', 'Love & Sex (2000)<br>Comedy|Romance<br>Popularity:5.0']","['Aliens (1986)<br>Action|Sci-Fi|Thriller|War<br>Popularity:1153.0', 'Alien (1979)<br>Action|Horror|Sci-Fi|Thriller<br>Popularity:1345.0', 'Apollo 13 (1995)<br>Drama<br>Popularity:682.0']"
12,PLRec,"['8 Seconds (1994)<br>Drama<br>Popularity:20.0', 'Love & Sex (2000)<br>Comedy|Romance<br>Popularity:5.0']","['Aliens (1986)<br>Action|Sci-Fi|Thriller|War<br>Popularity:1153.0', 'Alien (1979)<br>Action|Horror|Sci-Fi|Thriller<br>Popularity:1345.0', 'Apollo 13 (1995)<br>Drama<br>Popularity:682.0']"
47,PLRec,"['Bad Moon (1996)<br>Horror<br>Popularity:2.0', 'To Kill a Mockingbird (1962)<br>Drama<br>Popularity:605.0', 'Last Emperor, The (1987)<br>Drama|War<br>Popularity:309.0', 'My Name Is Joe (1998)<br>Drama|Romance<br>Popularity:12.0', 'Puppet Master 5: The Final Chapter (1994)<br>Horror|Sci-Fi|Thriller<br>Popularity:1.0']","['Amadeus (1984)<br>Drama<br>Popularity:916.0', ""Wizard of Oz, The (1939)<br>Adventure|Children's|Drama|Musical<br>Popularity:1059.0"", 'Killing Fields, The (1984)<br>Drama|War<br>Popularity:470.0']"
47,PmiPLRec,"['Bad Moon (1996)<br>Horror<br>Popularity:2.0', 'To Kill a Mockingbird (1962)<br>Drama<br>Popularity:605.0', 'Last Emperor, The (1987)<br>Drama|War<br>Popularity:309.0', 'My Name Is Joe (1998)<br>Drama|Romance<br>Popularity:12.0', 'Puppet Master 5: The Final Chapter (1994)<br>Horror|Sci-Fi|Thriller<br>Popularity:1.0']","['Amadeus (1984)<br>Drama<br>Popularity:916.0', ""One Flew Over the Cuckoo's Nest (1975)<br>Drama<br>Popularity:1282.0"", 'Casablanca (1942)<br>Drama|Romance|War<br>Popularity:1169.0']"
47,PureSVD,"['Bad Moon (1996)<br>Horror<br>Popularity:2.0', 'To Kill a Mockingbird (1962)<br>Drama<br>Popularity:605.0', 'Last Emperor, The (1987)<br>Drama|War<br>Popularity:309.0', 'My Name Is Joe (1998)<br>Drama|Romance<br>Popularity:12.0', 'Puppet Master 5: The Final Chapter (1994)<br>Horror|Sci-Fi|Thriller<br>Popularity:1.0']","['Amadeus (1984)<br>Drama<br>Popularity:916.0', ""Wizard of Oz, The (1939)<br>Adventure|Children's|Drama|Musical<br>Popularity:1059.0"", 'Killing Fields, The (1984)<br>Drama|War<br>Popularity:470.0']"
44,PLRec,"['Bloodsport 2 (1995)<br>Action<br>Popularity:1.0', 'Promise, The (La Promesse) (1996)<br>Drama<br>Popularity:15.0', 'Destination Moon (1950)<br>Sci-Fi<br>Popularity:20.0']","['Stand by Me (1986)<br>Adventure|Comedy|Drama<br>Popularity:1153.0', 'Sixth Sense, The (1999)<br>Thriller<br>Popularity:1606.0', 'War of the Worlds, The (1953)<br>Action|Sci-Fi|War<br>Popularity:289.0']"
44,PmiPLRec,"['Bloodsport 2 (1995)<br>Action<br>Popularity:1.0', 'Promise, The (La Promesse) (1996)<br>Drama<br>Popularity:15.0', 'Destination Moon (1950)<br>Sci-Fi<br>Popularity:20.0']","['War of the Worlds, The (1953)<br>Action|Sci-Fi|War<br>Popularity:289.0', 'Day the Earth Stood Still, The (1951)<br>Drama|Sci-Fi<br>Popularity:321.0', '2001: A Space Odyssey (1968)<br>Drama|Mystery|Sci-Fi|Thriller<br>Popularity:977.0']"
44,PureSVD,"['Bloodsport 2 (1995)<br>Action<br>Popularity:1.0', 'Promise, The (La Promesse) (1996)<br>Drama<br>Popularity:15.0', 'Destination Moon (1950)<br>Sci-Fi<br>Popularity:20.0']","['Stand by Me (1986)<br>Adventure|Comedy|Drama<br>Popularity:1153.0', 'Sixth Sense, The (1999)<br>Thriller<br>Popularity:1606.0', 'War of the Worlds, The (1953)<br>Action|Sci-Fi|War<br>Popularity:289.0']"
28,PmiPLRec,"['Blue Angel, The (Blaue Engel, Der) (1930)<br>Drama<br>Popularity:47.0', 'Seventh Heaven (Le Septi\xc3\xa8me ciel) (1997)<br>Drama|Romance<br>Popularity:2.0', ""Pee-wee's Big Adventure (1985)<br>Comedy<br>Popularity:325.0"", 'Bird on a Wire (1990)<br>Action|Adventure|Romance|Thriller<br>Popularity:33.0']","['Airplane! (1980)<br>Comedy<br>Popularity:1008.0', 'Raising Arizona (1987)<br>Comedy<br>Popularity:848.0', ""Ferris Bueller's Day Off (1986)<br>Comedy<br>Popularity:855.0""]"
28,PureSVD,"['Blue Angel, The (Blaue Engel, Der) (1930)<br>Drama<br>Popularity:47.0', 'Seventh Heaven (Le Septi\xc3\xa8me ciel) (1997)<br>Drama|Romance<br>Popularity:2.0', ""Pee-wee's Big Adventure (1985)<br>Comedy<br>Popularity:325.0"", 'Bird on a Wire (1990)<br>Action|Adventure|Romance|Thriller<br>Popularity:33.0']","['Airplane! (1980)<br>Comedy<br>Popularity:1008.0', 'Edward Scissorhands (1990)<br>Drama|Romance<br>Popularity:637.0', 'Beetlejuice (1988)<br>Comedy|Fantasy<br>Popularity:624.0']"
28,PLRec,"['Blue Angel, The (Blaue Engel, Der) (1930)<br>Drama<br>Popularity:47.0', 'Seventh Heaven (Le Septi\xc3\xa8me ciel) (1997)<br>Drama|Romance<br>Popularity:2.0', ""Pee-wee's Big Adventure (1985)<br>Comedy<br>Popularity:325.0"", 'Bird on a Wire (1990)<br>Action|Adventure|Romance|Thriller<br>Popularity:33.0']","['Airplane! (1980)<br>Comedy<br>Popularity:1008.0', 'Edward Scissorhands (1990)<br>Drama|Romance<br>Popularity:637.0', 'Beetlejuice (1988)<br>Comedy|Fantasy<br>Popularity:624.0']"
1,PureSVD,"['Broadway Melody, The (1929)<br>Musical<br>Popularity:9.0', 'Nashville (1975)<br>Drama|Musical<br>Popularity:166.0', 'Young Sherlock Holmes (1985)<br>Action|Adventure|Mystery<br>Popularity:123.0']","['Conversation, The (1974)<br>Drama|Mystery<br>Popularity:273.0', 'Abyss, The (1989)<br>Action|Adventure|Sci-Fi|Thriller<br>Popularity:827.0', 'Taxi Driver (1976)<br>Drama|Thriller<br>Popularity:807.0']"
1,PLRec,"['Broadway Melody, The (1929)<br>Musical<br>Popularity:9.0', 'Nashville (1975)<br>Drama|Musical<br>Popularity:166.0', 'Young Sherlock Holmes (1985)<br>Action|Adventure|Mystery<br>Popularity:123.0']","['Conversation, The (1974)<br>Drama|Mystery<br>Popularity:273.0', 'Abyss, The (1989)<br>Action|Adventure|Sci-Fi|Thriller<br>Popularity:827.0', 'Taxi Driver (1976)<br>Drama|Thriller<br>Popularity:807.0']"
1,PmiPLRec,"['Broadway Melody, The (1929)<br>Musical<br>Popularity:9.0', 'Nashville (1975)<br>Drama|Musical<br>Popularity:166.0', 'Young Sherlock Holmes (1985)<br>Action|Adventure|Mystery<br>Popularity:123.0']","['Conversation, The (1974)<br>Drama|Mystery<br>Popularity:273.0', 'Midnight Cowboy (1969)<br>Drama<br>Popularity:354.0', 'Taxi Driver (1976)<br>Drama|Thriller<br>Popularity:807.0']"
23,PLRec,"['Browning Version, The (1994)<br>Drama<br>Popularity:10.0', 'Raven, The (1963)<br>Comedy|Horror<br>Popularity:22.0']","['Being John Malkovich (1999)<br>Comedy<br>Popularity:1486.0', 'Birds, The (1963)<br>Horror<br>Popularity:322.0', 'Psycho (1960)<br>Horror|Thriller<br>Popularity:745.0']"
23,PureSVD,"['Browning Version, The (1994)<br>Drama<br>Popularity:10.0', 'Raven, The (1963)<br>Comedy|Horror<br>Popularity:22.0']","['Being John Malkovich (1999)<br>Comedy<br>Popularity:1486.0', 'Birds, The (1963)<br>Horror<br>Popularity:322.0', 'Psycho (1960)<br>Horror|Thriller<br>Popularity:745.0']"
23,PmiPLRec,"['Browning Version, The (1994)<br>Drama<br>Popularity:10.0', 'Raven, The (1963)<br>Comedy|Horror<br>Popularity:22.0']","['Birds, The (1963)<br>Horror<br>Popularity:322.0', 'Exorcist, The (1973)<br>Horror<br>Popularity:411.0', 'Invasion of the Body Snatchers (1956)<br>Horror|Sci-Fi<br>Popularity:329.0']"
11,PmiPLRec,"['Captives (1994)<br>Drama<br>Popularity:1.0', 'Sunset Blvd. (a.k.a. Sunset Boulevard) (1950)<br>Film-Noir<br>Popularity:311.0', 'Butch Cassidy and the Sundance Kid (1969)<br>Action|Comedy|Western<br>Popularity:954.0', 'Flashdance (1983)<br>Drama|Romance<br>Popularity:75.0', 'Rocketship X-M (1950)<br>Sci-Fi<br>Popularity:12.0']","['Annie Hall (1977)<br>Comedy|Romance<br>Popularity:876.0', 'Chinatown (1974)<br>Film-Noir|Mystery|Thriller<br>Popularity:791.0', 'Godfather, The (1972)<br>Action|Crime|Drama<br>Popularity:1700.0']"
11,PureSVD,"['Captives (1994)<br>Drama<br>Popularity:1.0', 'Sunset Blvd. (a.k.a. Sunset Boulevard) (1950)<br>Film-Noir<br>Popularity:311.0', 'Butch Cassidy and the Sundance Kid (1969)<br>Action|Comedy|Western<br>Popularity:954.0', 'Flashdance (1983)<br>Drama|Romance<br>Popularity:75.0', 'Rocketship X-M (1950)<br>Sci-Fi<br>Popularity:12.0']","['Good, The Bad and The Ugly, The (1966)<br>Action|Western<br>Popularity:494.0', 'Cool Hand Luke (1967)<br>Comedy|Drama<br>Popularity:611.0', 'Annie Hall (1977)<br>Comedy|Romance<br>Popularity:876.0']"
11,PLRec,"['Captives (1994)<br>Drama<br>Popularity:1.0', 'Sunset Blvd. (a.k.a. Sunset Boulevard) (1950)<br>Film-Noir<br>Popularity:311.0', 'Butch Cassidy and the Sundance Kid (1969)<br>Action|Comedy|Western<br>Popularity:954.0', 'Flashdance (1983)<br>Drama|Romance<br>Popularity:75.0', 'Rocketship X-M (1950)<br>Sci-Fi<br>Popularity:12.0']","['Good, The Bad and The Ugly, The (1966)<br>Action|Western<br>Popularity:494.0', 'Cool Hand Luke (1967)<br>Comedy|Drama<br>Popularity:611.0', 'Annie Hall (1977)<br>Comedy|Romance<br>Popularity:876.0']"
9,PureSVD,"['Celtic Pride (1996)<br>Comedy<br>Popularity:3.0', ""Adventures of Pinocchio, The (1996)<br>Adventure|Children's<br>Popularity:10.0"", 'Chasing Amy (1997)<br>Drama|Romance<br>Popularity:445.0', 'Allan Quartermain and the Lost City of Gold (1987)<br>Action|Adventure<br>Popularity:8.0', 'Passion of Mind (1999)<br>Romance|Thriller<br>Popularity:5.0', 'Shaft (1971)<br>Action|Crime<br>Popularity:72.0']","['Clerks (1994)<br>Comedy<br>Popularity:821.0', 'Jerry Maguire (1996)<br>Drama|Romance<br>Popularity:621.0', 'Dogma (1999)<br>Comedy<br>Popularity:459.0']"
9,PLRec,"['Celtic Pride (1996)<br>Comedy<br>Popularity:3.0', ""Adventures of Pinocchio, The (1996)<br>Adventure|Children's<br>Popularity:10.0"", 'Chasing Amy (1997)<br>Drama|Romance<br>Popularity:445.0', 'Allan Quartermain and the Lost City of Gold (1987)<br>Action|Adventure<br>Popularity:8.0', 'Passion of Mind (1999)<br>Romance|Thriller<br>Popularity:5.0', 'Shaft (1971)<br>Action|Crime<br>Popularity:72.0']","['Clerks (1994)<br>Comedy<br>Popularity:821.0', 'Jerry Maguire (1996)<br>Drama|Romance<br>Popularity:621.0', 'Dogma (1999)<br>Comedy<br>Popularity:459.0']"
9,PmiPLRec,"['Celtic Pride (1996)<br>Comedy<br>Popularity:3.0', ""Adventures of Pinocchio, The (1996)<br>Adventure|Children's<br>Popularity:10.0"", 'Chasing Amy (1997)<br>Drama|Romance<br>Popularity:445.0', 'Allan Quartermain and the Lost City of Gold (1987)<br>Action|Adventure<br>Popularity:8.0', 'Passion of Mind (1999)<br>Romance|Thriller<br>Popularity:5.0', 'Shaft (1971)<br>Action|Crime<br>Popularity:72.0']","['Clerks (1994)<br>Comedy<br>Popularity:821.0', 'Good Will Hunting (1997)<br>Drama<br>Popularity:965.0', 'Pulp Fiction (1994)<br>Crime|Drama<br>Popularity:1406.0']"
0,PLRec,"[""Dante's Peak (1997)<br>Action|Thriller<br>Popularity:50.0"", 'Serpico (1973)<br>Crime|Drama<br>Popularity:274.0']","['Taxi Driver (1976)<br>Drama|Thriller<br>Popularity:807.0', 'Dog Day Afternoon (1975)<br>Comedy|Crime|Drama<br>Popularity:429.0', 'Godfather: Part II, The (1974)<br>Action|Crime|Drama<br>Popularity:1210.0']"
0,PmiPLRec,"[""Dante's Peak (1997)<br>Action|Thriller<br>Popularity:50.0"", 'Serpico (1973)<br>Crime|Drama<br>Popularity:274.0']","['Godfather: Part II, The (1974)<br>Action|Crime|Drama<br>Popularity:1210.0', 'Godfather, The (1972)<br>Action|Crime|Drama<br>Popularity:1700.0', 'French Connection, The (1971)<br>Action|Crime|Drama|Thriller<br>Popularity:525.0']"
0,PureSVD,"[""Dante's Peak (1997)<br>Action|Thriller<br>Popularity:50.0"", 'Serpico (1973)<br>Crime|Drama<br>Popularity:274.0']","['Taxi Driver (1976)<br>Drama|Thriller<br>Popularity:807.0', 'Dog Day Afternoon (1975)<br>Comedy|Crime|Drama<br>Popularity:429.0', 'French Connection, The (1971)<br>Action|Crime|Drama|Thriller<br>Popularity:525.0']"
16,PmiPLRec,"['Dead Presidents (1995)<br>Action|Crime|Drama<br>Popularity:38.0', 'Two Bits (1995)<br>Drama<br>Popularity:0.0', 'Mission to Mars (2000)<br>Sci-Fi<br>Popularity:113.0']","['Patriot, The (2000)<br>Action|Drama|War<br>Popularity:578.0', 'Gladiator (2000)<br>Action|Drama<br>Popularity:1095.0', 'Contact (1997)<br>Drama|Sci-Fi<br>Popularity:652.0']"
16,PureSVD,"['Dead Presidents (1995)<br>Action|Crime|Drama<br>Popularity:38.0', 'Two Bits (1995)<br>Drama<br>Popularity:0.0', 'Mission to Mars (2000)<br>Sci-Fi<br>Popularity:113.0']","['Patriot, The (2000)<br>Action|Drama|War<br>Popularity:578.0', 'U-571 (2000)<br>Action|Thriller<br>Popularity:338.0', 'Erin Brockovich (2000)<br>Drama<br>Popularity:654.0']"
16,PLRec,"['Dead Presidents (1995)<br>Action|Crime|Drama<br>Popularity:38.0', 'Two Bits (1995)<br>Drama<br>Popularity:0.0', 'Mission to Mars (2000)<br>Sci-Fi<br>Popularity:113.0']","['Patriot, The (2000)<br>Action|Drama|War<br>Popularity:578.0', 'U-571 (2000)<br>Action|Thriller<br>Popularity:338.0', 'Erin Brockovich (2000)<br>Drama<br>Popularity:654.0']"
26,PLRec,"['Demolition Man (1993)<br>Action|Sci-Fi<br>Popularity:142.0', 'Howling II: Your Sister Is a Werewolf (1985)<br>Horror<br>Popularity:1.0', 'I Saw What You Did (1965)<br>Thriller<br>Popularity:16.0']","['Independence Day (ID4) (1996)<br>Action|Sci-Fi|War<br>Popularity:684.0', 'Armageddon (1998)<br>Action|Adventure|Sci-Fi|Thriller<br>Popularity:341.0', 'Face/Off (1997)<br>Action|Sci-Fi|Thriller<br>Popularity:524.0']"
26,PmiPLRec,"['Demolition Man (1993)<br>Action|Sci-Fi<br>Popularity:142.0', 'Howling II: Your Sister Is a Werewolf (1985)<br>Horror<br>Popularity:1.0', 'I Saw What You Did (1965)<br>Thriller<br>Popularity:16.0']","['Independence Day (ID4) (1996)<br>Action|Sci-Fi|War<br>Popularity:684.0', 'Armageddon (1998)<br>Action|Adventure|Sci-Fi|Thriller<br>Popularity:341.0', 'Men in Black (1997)<br>Action|Adventure|Comedy|Sci-Fi<br>Popularity:1271.0']"
26,PureSVD,"['Demolition Man (1993)<br>Action|Sci-Fi<br>Popularity:142.0', 'Howling II: Your Sister Is a Werewolf (1985)<br>Horror<br>Popularity:1.0', 'I Saw What You Did (1965)<br>Thriller<br>Popularity:16.0']","['Independence Day (ID4) (1996)<br>Action|Sci-Fi|War<br>Popularity:684.0', 'Armageddon (1998)<br>Action|Adventure|Sci-Fi|Thriller<br>Popularity:341.0', 'Face/Off (1997)<br>Action|Sci-Fi|Thriller<br>Popularity:524.0']"
8,PureSVD,"['Father of the Bride (1950)<br>Comedy<br>Popularity:114.0', 'Children of the Corn II: The Final Sacrifice (1993)<br>Horror<br>Popularity:1.0', 'Dracula (1958)<br>Horror<br>Popularity:35.0', 'Firestarter (1984)<br>Horror|Thriller<br>Popularity:42.0']","['Men in Black (1997)<br>Action|Adventure|Comedy|Sci-Fi<br>Popularity:1271.0', 'Forrest Gump (1994)<br>Comedy|Romance|War<br>Popularity:1285.0', 'Rocky Horror Picture Show, The (1975)<br>Comedy|Horror|Musical|Sci-Fi<br>Popularity:417.0']"
8,PLRec,"['Father of the Bride (1950)<br>Comedy<br>Popularity:114.0', 'Children of the Corn II: The Final Sacrifice (1993)<br>Horror<br>Popularity:1.0', 'Dracula (1958)<br>Horror<br>Popularity:35.0', 'Firestarter (1984)<br>Horror|Thriller<br>Popularity:42.0']","['Men in Black (1997)<br>Action|Adventure|Comedy|Sci-Fi<br>Popularity:1271.0', 'Forrest Gump (1994)<br>Comedy|Romance|War<br>Popularity:1285.0', 'Rocky Horror Picture Show, The (1975)<br>Comedy|Horror|Musical|Sci-Fi<br>Popularity:417.0']"
8,PmiPLRec,"['Father of the Bride (1950)<br>Comedy<br>Popularity:114.0', 'Children of the Corn II: The Final Sacrifice (1993)<br>Horror<br>Popularity:1.0', 'Dracula (1958)<br>Horror<br>Popularity:35.0', 'Firestarter (1984)<br>Horror|Thriller<br>Popularity:42.0']","['Exorcist, The (1973)<br>Horror<br>Popularity:411.0', 'Birds, The (1963)<br>Horror<br>Popularity:322.0', 'American Werewolf in London, An (1981)<br>Horror<br>Popularity:232.0']"
14,PLRec,"['First Knight (1995)<br>Action|Adventure|Drama|Romance<br>Popularity:78.0', 'Walking Dead, The (1995)<br>Drama|War<br>Popularity:2.0', 'Jurassic Park (1993)<br>Action|Adventure|Sci-Fi<br>Popularity:1418.0', ""Aladdin and the King of Thieves (1996)<br>Animation|Children's|Comedy<br>Popularity:35.0"", 'SubUrbia (1997)<br>Comedy<br>Popularity:21.0', 'Rocket Man (1997)<br>Comedy<br>Popularity:14.0', 'Without Limits (1998)<br>Drama<br>Popularity:15.0']","['Men in Black (1997)<br>Action|Adventure|Comedy|Sci-Fi<br>Popularity:1271.0', 'Lost World: Jurassic Park, The (1997)<br>Action|Adventure|Sci-Fi|Thriller<br>Popularity:288.0', 'Independence Day (ID4) (1996)<br>Action|Sci-Fi|War<br>Popularity:684.0']"
14,PureSVD,"['First Knight (1995)<br>Action|Adventure|Drama|Romance<br>Popularity:78.0', 'Walking Dead, The (1995)<br>Drama|War<br>Popularity:2.0', 'Jurassic Park (1993)<br>Action|Adventure|Sci-Fi<br>Popularity:1418.0', ""Aladdin and the King of Thieves (1996)<br>Animation|Children's|Comedy<br>Popularity:35.0"", 'SubUrbia (1997)<br>Comedy<br>Popularity:21.0', 'Rocket Man (1997)<br>Comedy<br>Popularity:14.0', 'Without Limits (1998)<br>Drama<br>Popularity:15.0']","['Men in Black (1997)<br>Action|Adventure|Comedy|Sci-Fi<br>Popularity:1271.0', 'Independence Day (ID4) (1996)<br>Action|Sci-Fi|War<br>Popularity:684.0', 'Lost World: Jurassic Park, The (1997)<br>Action|Adventure|Sci-Fi|Thriller<br>Popularity:288.0']"
14,PmiPLRec,"['First Knight (1995)<br>Action|Adventure|Drama|Romance<br>Popularity:78.0', 'Walking Dead, The (1995)<br>Drama|War<br>Popularity:2.0', 'Jurassic Park (1993)<br>Action|Adventure|Sci-Fi<br>Popularity:1418.0', ""Aladdin and the King of Thieves (1996)<br>Animation|Children's|Comedy<br>Popularity:35.0"", 'SubUrbia (1997)<br>Comedy<br>Popularity:21.0', 'Rocket Man (1997)<br>Comedy<br>Popularity:14.0', 'Without Limits (1998)<br>Drama<br>Popularity:15.0']","['Men in Black (1997)<br>Action|Adventure|Comedy|Sci-Fi<br>Popularity:1271.0', 'Terminator 2: Judgment Day (1991)<br>Action|Sci-Fi|Thriller<br>Popularity:1737.0', 'Braveheart (1995)<br>Action|Drama|War<br>Popularity:1672.0']"
15,PLRec,"[""Flintstones, The (1994)<br>Children's|Comedy<br>Popularity:17.0"", ""Little Princess, The (1939)<br>Children's|Drama<br>Popularity:32.0"", 'Meet Wally Sparks (1997)<br>Comedy<br>Popularity:2.0', 'Repo Man (1984)<br>Comedy|Sci-Fi<br>Popularity:340.0', 'Leatherface: Texas Chainsaw Massacre III (1990)<br>Horror<br>Popularity:5.0', 'Long Goodbye, The (1973)<br>Crime<br>Popularity:31.0', 'Class Reunion (1982)<br>Comedy<br>Popularity:0.0']","['Men in Black (1997)<br>Action|Adventure|Comedy|Sci-Fi<br>Popularity:1271.0', 'Brazil (1985)<br>Sci-Fi<br>Popularity:533.0', 'Roger & Me (1989)<br>Comedy|Documentary<br>Popularity:469.0']"
15,PmiPLRec,"[""Flintstones, The (1994)<br>Children's|Comedy<br>Popularity:17.0"", ""Little Princess, The (1939)<br>Children's|Drama<br>Popularity:32.0"", 'Meet Wally Sparks (1997)<br>Comedy<br>Popularity:2.0', 'Repo Man (1984)<br>Comedy|Sci-Fi<br>Popularity:340.0', 'Leatherface: Texas Chainsaw Massacre III (1990)<br>Horror<br>Popularity:5.0', 'Long Goodbye, The (1973)<br>Crime<br>Popularity:31.0', 'Class Reunion (1982)<br>Comedy<br>Popularity:0.0']","['Brazil (1985)<br>Sci-Fi<br>Popularity:533.0', 'Blade Runner (1982)<br>Film-Noir|Sci-Fi<br>Popularity:1203.0', 'Time Bandits (1981)<br>Adventure|Fantasy|Sci-Fi<br>Popularity:475.0']"
15,PureSVD,"[""Flintstones, The (1994)<br>Children's|Comedy<br>Popularity:17.0"", ""Little Princess, The (1939)<br>Children's|Drama<br>Popularity:32.0"", 'Meet Wally Sparks (1997)<br>Comedy<br>Popularity:2.0', 'Repo Man (1984)<br>Comedy|Sci-Fi<br>Popularity:340.0', 'Leatherface: Texas Chainsaw Massacre III (1990)<br>Horror<br>Popularity:5.0', 'Long Goodbye, The (1973)<br>Crime<br>Popularity:31.0', 'Class Reunion (1982)<br>Comedy<br>Popularity:0.0']","['Men in Black (1997)<br>Action|Adventure|Comedy|Sci-Fi<br>Popularity:1271.0', 'Brazil (1985)<br>Sci-Fi<br>Popularity:533.0', 'Roger & Me (1989)<br>Comedy|Documentary<br>Popularity:469.0']"
41,PureSVD,"[""Fluke (1995)<br>Children's|Drama<br>Popularity:7.0"", 'King Kong Lives (1986)<br>Action|Adventure|Horror<br>Popularity:1.0']","['Green Mile, The (1999)<br>Drama|Thriller<br>Popularity:714.0', 'Fugitive, The (1993)<br>Action|Thriller<br>Popularity:1277.0', 'Pleasantville (1998)<br>Comedy<br>Popularity:543.0']"
41,PLRec,"[""Fluke (1995)<br>Children's|Drama<br>Popularity:7.0"", 'King Kong Lives (1986)<br>Action|Adventure|Horror<br>Popularity:1.0']","['Green Mile, The (1999)<br>Drama|Thriller<br>Popularity:714.0', 'Fugitive, The (1993)<br>Action|Thriller<br>Popularity:1277.0', 'Pleasantville (1998)<br>Comedy<br>Popularity:543.0']"
41,PmiPLRec,"[""Fluke (1995)<br>Children's|Drama<br>Popularity:7.0"", 'King Kong Lives (1986)<br>Action|Adventure|Horror<br>Popularity:1.0']","[""Jumanji (1995)<br>Adventure|Children's|Fantasy<br>Popularity:178.0"", ""Indian in the Cupboard, The (1995)<br>Adventure|Children's|Fantasy<br>Popularity:105.0"", ""Lion King, The (1994)<br>Animation|Children's|Musical<br>Popularity:514.0""]"
21,PmiPLRec,"['Getting Away With Murder (1996)<br>Comedy<br>Popularity:0.0', 'Body Parts (1991)<br>Horror<br>Popularity:5.0', 'Hollow Reed (1996)<br>Drama<br>Popularity:7.0', ""Heaven's Burning (1997)<br>Action|Drama<br>Popularity:1.0"", 'Wings (1927)<br>Drama|Romance|War<br>Popularity:19.0']","['Boat, The (Das Boot) (1981)<br>Action|Drama|War<br>Popularity:714.0', 'Patton (1970)<br>Drama|War<br>Popularity:372.0', 'Stalag 17 (1953)<br>Drama|War<br>Popularity:238.0']"
21,PLRec,"['Getting Away With Murder (1996)<br>Comedy<br>Popularity:0.0', 'Body Parts (1991)<br>Horror<br>Popularity:5.0', 'Hollow Reed (1996)<br>Drama<br>Popularity:7.0', ""Heaven's Burning (1997)<br>Action|Drama<br>Popularity:1.0"", 'Wings (1927)<br>Drama|Romance|War<br>Popularity:19.0']","['Terminator 2: Judgment Day (1991)<br>Action|Sci-Fi|Thriller<br>Popularity:1737.0', 'Terminator, The (1984)<br>Action|Sci-Fi|Thriller<br>Popularity:1360.0', 'Green Mile, The (1999)<br>Drama|Thriller<br>Popularity:714.0']"
21,PureSVD,"['Getting Away With Murder (1996)<br>Comedy<br>Popularity:0.0', 'Body Parts (1991)<br>Horror<br>Popularity:5.0', 'Hollow Reed (1996)<br>Drama<br>Popularity:7.0', ""Heaven's Burning (1997)<br>Action|Drama<br>Popularity:1.0"", 'Wings (1927)<br>Drama|Romance|War<br>Popularity:19.0']","['Terminator 2: Judgment Day (1991)<br>Action|Sci-Fi|Thriller<br>Popularity:1737.0', 'Terminator, The (1984)<br>Action|Sci-Fi|Thriller<br>Popularity:1360.0', 'Green Mile, The (1999)<br>Drama|Thriller<br>Popularity:714.0']"
43,PmiPLRec,"['Gingerbread Man, The (1998)<br>Drama|Thriller<br>Popularity:16.0', 'Almost Heroes (1998)<br>Adventure|Comedy<br>Popularity:8.0', 'Falling Down (1993)<br>Action|Drama<br>Popularity:179.0', 'Smashing Time (1967)<br>Comedy<br>Popularity:2.0']","['Die Hard 2 (1990)<br>Action|Thriller<br>Popularity:457.0', 'Die Hard: With a Vengeance (1995)<br>Action|Thriller<br>Popularity:316.0', 'True Lies (1994)<br>Action|Adventure|Comedy|Romance<br>Popularity:577.0']"
43,PLRec,"['Gingerbread Man, The (1998)<br>Drama|Thriller<br>Popularity:16.0', 'Almost Heroes (1998)<br>Adventure|Comedy<br>Popularity:8.0', 'Falling Down (1993)<br>Action|Drama<br>Popularity:179.0', 'Smashing Time (1967)<br>Comedy<br>Popularity:2.0']","['Terminator 2: Judgment Day (1991)<br>Action|Sci-Fi|Thriller<br>Popularity:1737.0', ""Wizard of Oz, The (1939)<br>Adventure|Children's|Drama|Musical<br>Popularity:1059.0"", 'Die Hard: With a Vengeance (1995)<br>Action|Thriller<br>Popularity:316.0']"
43,PureSVD,"['Gingerbread Man, The (1998)<br>Drama|Thriller<br>Popularity:16.0', 'Almost Heroes (1998)<br>Adventure|Comedy<br>Popularity:8.0', 'Falling Down (1993)<br>Action|Drama<br>Popularity:179.0', 'Smashing Time (1967)<br>Comedy<br>Popularity:2.0']","['Terminator 2: Judgment Day (1991)<br>Action|Sci-Fi|Thriller<br>Popularity:1737.0', ""Wizard of Oz, The (1939)<br>Adventure|Children's|Drama|Musical<br>Popularity:1059.0"", 'Die Hard: With a Vengeance (1995)<br>Action|Thriller<br>Popularity:316.0']"
4,PmiPLRec,['Grumpy Old Men (1993)<br>Comedy<br>Popularity:256.0'],"['Braveheart (1995)<br>Action|Drama|War<br>Popularity:1672.0', 'My Cousin Vinny (1992)<br>Comedy<br>Popularity:488.0', 'League of Their Own, A (1992)<br>Comedy|Drama<br>Popularity:472.0']"
4,PLRec,['Grumpy Old Men (1993)<br>Comedy<br>Popularity:256.0'],"['Stand by Me (1986)<br>Adventure|Comedy|Drama<br>Popularity:1153.0', 'My Cousin Vinny (1992)<br>Comedy<br>Popularity:488.0', 'League of Their Own, A (1992)<br>Comedy|Drama<br>Popularity:472.0']"
4,PureSVD,['Grumpy Old Men (1993)<br>Comedy<br>Popularity:256.0'],"['Stand by Me (1986)<br>Adventure|Comedy|Drama<br>Popularity:1153.0', 'My Cousin Vinny (1992)<br>Comedy<br>Popularity:488.0', 'League of Their Own, A (1992)<br>Comedy|Drama<br>Popularity:472.0']"
36,PmiPLRec,"['Hamlet (1996)<br>Drama<br>Popularity:212.0', 'Leatherface: Texas Chainsaw Massacre III (1990)<br>Horror<br>Popularity:5.0', 'Holy Smoke (1999)<br>Drama<br>Popularity:15.0']","['Good Will Hunting (1997)<br>Drama<br>Popularity:965.0', 'Shawshank Redemption, The (1994)<br>Drama<br>Popularity:1701.0', ""Schindler's List (1993)<br>Drama|War<br>Popularity:1770.0""]"
36,PLRec,"['Hamlet (1996)<br>Drama<br>Popularity:212.0', 'Leatherface: Texas Chainsaw Massacre III (1990)<br>Horror<br>Popularity:5.0', 'Holy Smoke (1999)<br>Drama<br>Popularity:15.0']","['Good Will Hunting (1997)<br>Drama<br>Popularity:965.0', 'Shakespeare in Love (1998)<br>Comedy|Romance<br>Popularity:1536.0', 'Pulp Fiction (1994)<br>Crime|Drama<br>Popularity:1406.0']"
36,PureSVD,"['Hamlet (1996)<br>Drama<br>Popularity:212.0', 'Leatherface: Texas Chainsaw Massacre III (1990)<br>Horror<br>Popularity:5.0', 'Holy Smoke (1999)<br>Drama<br>Popularity:15.0']","['Good Will Hunting (1997)<br>Drama<br>Popularity:965.0', 'Shakespeare in Love (1998)<br>Comedy|Romance<br>Popularity:1536.0', 'Pulp Fiction (1994)<br>Crime|Drama<br>Popularity:1406.0']"
3,PmiPLRec,"['He Walked by Night (1948)<br>Crime|Film-Noir|Thriller<br>Popularity:9.0', 'Manchurian Candidate, The (1962)<br>Film-Noir|Thriller<br>Popularity:484.0', 'City of the Living Dead (Paura nella citt\xc3\xa0 dei morti viventi) (1980)<br>Horror<br>Popularity:1.0', 'Requiem for a Dream (2000)<br>Drama<br>Popularity:85.0']","['Chinatown (1974)<br>Film-Noir|Mystery|Thriller<br>Popularity:791.0', 'Maltese Falcon, The (1941)<br>Film-Noir|Mystery<br>Popularity:706.0', 'L.A. Confidential (1997)<br>Crime|Film-Noir|Mystery|Thriller<br>Popularity:1572.0']"
3,PLRec,"['He Walked by Night (1948)<br>Crime|Film-Noir|Thriller<br>Popularity:9.0', 'Manchurian Candidate, The (1962)<br>Film-Noir|Thriller<br>Popularity:484.0', 'City of the Living Dead (Paura nella citt\xc3\xa0 dei morti viventi) (1980)<br>Horror<br>Popularity:1.0', 'Requiem for a Dream (2000)<br>Drama<br>Popularity:85.0']","['Chinatown (1974)<br>Film-Noir|Mystery|Thriller<br>Popularity:791.0', 'Maltese Falcon, The (1941)<br>Film-Noir|Mystery<br>Popularity:706.0', 'Strangers on a Train (1951)<br>Film-Noir|Thriller<br>Popularity:323.0']"
3,PureSVD,"['He Walked by Night (1948)<br>Crime|Film-Noir|Thriller<br>Popularity:9.0', 'Manchurian Candidate, The (1962)<br>Film-Noir|Thriller<br>Popularity:484.0', 'City of the Living Dead (Paura nella citt\xc3\xa0 dei morti viventi) (1980)<br>Horror<br>Popularity:1.0', 'Requiem for a Dream (2000)<br>Drama<br>Popularity:85.0']","['Chinatown (1974)<br>Film-Noir|Mystery|Thriller<br>Popularity:791.0', 'Maltese Falcon, The (1941)<br>Film-Noir|Mystery<br>Popularity:706.0', 'Strangers on a Train (1951)<br>Film-Noir|Thriller<br>Popularity:323.0']"
37,PureSVD,"['How Green Was My Valley (1941)<br>Drama<br>Popularity:49.0', '52 Pick-Up (1986)<br>Action|Mystery|Thriller<br>Popularity:37.0', 'Election (1999)<br>Comedy<br>Popularity:932.0', 'Gilda (1946)<br>Film-Noir<br>Popularity:59.0', 'Idolmaker, The (1980)<br>Drama<br>Popularity:5.0']","['Rushmore (1998)<br>Comedy<br>Popularity:611.0', ""Boys Don't Cry (1999)<br>Drama<br>Popularity:521.0"", 'Clerks (1994)<br>Comedy<br>Popularity:821.0']"
37,PmiPLRec,"['How Green Was My Valley (1941)<br>Drama<br>Popularity:49.0', '52 Pick-Up (1986)<br>Action|Mystery|Thriller<br>Popularity:37.0', 'Election (1999)<br>Comedy<br>Popularity:932.0', 'Gilda (1946)<br>Film-Noir<br>Popularity:59.0', 'Idolmaker, The (1980)<br>Drama<br>Popularity:5.0']","['Being John Malkovich (1999)<br>Comedy<br>Popularity:1486.0', 'American Beauty (1999)<br>Comedy|Drama<br>Popularity:2545.0', 'Rushmore (1998)<br>Comedy<br>Popularity:611.0']"
37,PLRec,"['How Green Was My Valley (1941)<br>Drama<br>Popularity:49.0', '52 Pick-Up (1986)<br>Action|Mystery|Thriller<br>Popularity:37.0', 'Election (1999)<br>Comedy<br>Popularity:932.0', 'Gilda (1946)<br>Film-Noir<br>Popularity:59.0', 'Idolmaker, The (1980)<br>Drama<br>Popularity:5.0']","['Rushmore (1998)<br>Comedy<br>Popularity:611.0', ""Boys Don't Cry (1999)<br>Drama<br>Popularity:521.0"", 'Clerks (1994)<br>Comedy<br>Popularity:821.0']"
30,PLRec,"[""Joe's Apartment (1996)<br>Comedy|Musical<br>Popularity:9.0"", 'East of Eden (1955)<br>Drama<br>Popularity:115.0', 'Crossfire (1947)<br>Crime|Film-Noir<br>Popularity:16.0', 'In Too Deep (1999)<br>Action|Thriller<br>Popularity:10.0', 'Original Kings of Comedy, The (2000)<br>Comedy|Documentary<br>Popularity:43.0']","['On the Waterfront (1954)<br>Crime|Drama<br>Popularity:304.0', 'Grapes of Wrath, The (1940)<br>Drama<br>Popularity:305.0', 'Seven Samurai (The Magnificent Seven) (Shichinin no samurai) (1954)<br>Action|Drama<br>Popularity:458.0']"
30,PmiPLRec,"[""Joe's Apartment (1996)<br>Comedy|Musical<br>Popularity:9.0"", 'East of Eden (1955)<br>Drama<br>Popularity:115.0', 'Crossfire (1947)<br>Crime|Film-Noir<br>Popularity:16.0', 'In Too Deep (1999)<br>Action|Thriller<br>Popularity:10.0', 'Original Kings of Comedy, The (2000)<br>Comedy|Documentary<br>Popularity:43.0']","['Citizen Kane (1941)<br>Drama<br>Popularity:729.0', 'On the Waterfront (1954)<br>Crime|Drama<br>Popularity:304.0', 'To Kill a Mockingbird (1962)<br>Drama<br>Popularity:605.0']"
30,PureSVD,"[""Joe's Apartment (1996)<br>Comedy|Musical<br>Popularity:9.0"", 'East of Eden (1955)<br>Drama<br>Popularity:115.0', 'Crossfire (1947)<br>Crime|Film-Noir<br>Popularity:16.0', 'In Too Deep (1999)<br>Action|Thriller<br>Popularity:10.0', 'Original Kings of Comedy, The (2000)<br>Comedy|Documentary<br>Popularity:43.0']","['On the Waterfront (1954)<br>Crime|Drama<br>Popularity:304.0', 'Grapes of Wrath, The (1940)<br>Drama<br>Popularity:305.0', 'Seven Samurai (The Magnificent Seven) (Shichinin no samurai) (1954)<br>Action|Drama<br>Popularity:458.0']"
13,PureSVD,"['Johnny Mnemonic (1995)<br>Action|Sci-Fi|Thriller<br>Popularity:59.0', 'Paper, The (1994)<br>Comedy|Drama<br>Popularity:47.0', 'Broadway Melody, The (1929)<br>Musical<br>Popularity:9.0', 'Police Academy (1984)<br>Comedy<br>Popularity:74.0', 'Gambler, The (A J\xc3\xa1t\xc3\xa9kos) (1997)<br>Drama<br>Popularity:3.0', 'Color of Paradise, The (Rang-e Khoda) (1999)<br>Drama<br>Popularity:26.0', ""All the Rage (a.k.a. It's the Rage) (1999)<br>Drama<br>Popularity:0.0""]","['Groundhog Day (1993)<br>Comedy|Romance<br>Popularity:1332.0', 'Star Wars: Episode IV - A New Hope (1977)<br>Action|Adventure|Fantasy|Sci-Fi<br>Popularity:2234.0', 'Spaceballs (1987)<br>Comedy|Sci-Fi<br>Popularity:273.0']"
13,PLRec,"['Johnny Mnemonic (1995)<br>Action|Sci-Fi|Thriller<br>Popularity:59.0', 'Paper, The (1994)<br>Comedy|Drama<br>Popularity:47.0', 'Broadway Melody, The (1929)<br>Musical<br>Popularity:9.0', 'Police Academy (1984)<br>Comedy<br>Popularity:74.0', 'Gambler, The (A J\xc3\xa1t\xc3\xa9kos) (1997)<br>Drama<br>Popularity:3.0', 'Color of Paradise, The (Rang-e Khoda) (1999)<br>Drama<br>Popularity:26.0', ""All the Rage (a.k.a. It's the Rage) (1999)<br>Drama<br>Popularity:0.0""]","['Groundhog Day (1993)<br>Comedy|Romance<br>Popularity:1332.0', 'Star Wars: Episode IV - A New Hope (1977)<br>Action|Adventure|Fantasy|Sci-Fi<br>Popularity:2234.0', 'Spaceballs (1987)<br>Comedy|Sci-Fi<br>Popularity:273.0']"
13,PmiPLRec,"['Johnny Mnemonic (1995)<br>Action|Sci-Fi|Thriller<br>Popularity:59.0', 'Paper, The (1994)<br>Comedy|Drama<br>Popularity:47.0', 'Broadway Melody, The (1929)<br>Musical<br>Popularity:9.0', 'Police Academy (1984)<br>Comedy<br>Popularity:74.0', 'Gambler, The (A J\xc3\xa1t\xc3\xa9kos) (1997)<br>Drama<br>Popularity:3.0', 'Color of Paradise, The (Rang-e Khoda) (1999)<br>Drama<br>Popularity:26.0', ""All the Rage (a.k.a. It's the Rage) (1999)<br>Drama<br>Popularity:0.0""]","['Spaceballs (1987)<br>Comedy|Sci-Fi<br>Popularity:273.0', 'Good Morning, Vietnam (1987)<br>Comedy|Drama|War<br>Popularity:450.0', 'Back to the Future Part II (1989)<br>Comedy|Sci-Fi<br>Popularity:369.0']"
5,PureSVD,"['Limey, The (1999)<br>Action|Crime|Drama<br>Popularity:216.0']","['Run Lola Run (Lola rennt) (1998)<br>Action|Crime|Romance<br>Popularity:700.0', 'Out of Sight (1998)<br>Action|Crime|Romance<br>Popularity:462.0', 'Heat (1995)<br>Action|Crime|Thriller<br>Popularity:493.0']"
5,PmiPLRec,"['Limey, The (1999)<br>Action|Crime|Drama<br>Popularity:216.0']","['Out of Sight (1998)<br>Action|Crime|Romance<br>Popularity:462.0', 'Run Lola Run (Lola rennt) (1998)<br>Action|Crime|Romance<br>Popularity:700.0', 'Heat (1995)<br>Action|Crime|Thriller<br>Popularity:493.0']"
5,PLRec,"['Limey, The (1999)<br>Action|Crime|Drama<br>Popularity:216.0']","['Run Lola Run (Lola rennt) (1998)<br>Action|Crime|Romance<br>Popularity:700.0', 'Out of Sight (1998)<br>Action|Crime|Romance<br>Popularity:462.0', 'Heat (1995)<br>Action|Crime|Thriller<br>Popularity:493.0']"
31,PureSVD,['Little Buddha (1993)<br>Drama<br>Popularity:14.0'],"['L.A. Confidential (1997)<br>Crime|Film-Noir|Mystery|Thriller<br>Popularity:1572.0', 'Contact (1997)<br>Drama|Sci-Fi<br>Popularity:652.0', 'Election (1999)<br>Comedy<br>Popularity:932.0']"
31,PmiPLRec,['Little Buddha (1993)<br>Drama<br>Popularity:14.0'],"['Contact (1997)<br>Drama|Sci-Fi<br>Popularity:652.0', 'Malcolm X (1992)<br>Drama<br>Popularity:250.0', 'High Fidelity (2000)<br>Comedy<br>Popularity:723.0']"
31,PLRec,['Little Buddha (1993)<br>Drama<br>Popularity:14.0'],"['L.A. Confidential (1997)<br>Crime|Film-Noir|Mystery|Thriller<br>Popularity:1572.0', 'Election (1999)<br>Comedy<br>Popularity:932.0', 'Contact (1997)<br>Drama|Sci-Fi<br>Popularity:652.0']"
19,PLRec,"['Lost Horizon (1937)<br>Drama<br>Popularity:39.0', 'Michael Collins (1996)<br>Drama|War<br>Popularity:56.0', 'Grease (1978)<br>Comedy|Musical|Romance<br>Popularity:260.0']","['My Fair Lady (1964)<br>Musical|Romance<br>Popularity:333.0', ""Singin' in the Rain (1952)<br>Musical|Romance<br>Popularity:429.0"", ""Mary Poppins (1964)<br>Children's|Comedy|Musical<br>Popularity:496.0""]"
19,PureSVD,"['Lost Horizon (1937)<br>Drama<br>Popularity:39.0', 'Michael Collins (1996)<br>Drama|War<br>Popularity:56.0', 'Grease (1978)<br>Comedy|Musical|Romance<br>Popularity:260.0']","['My Fair Lady (1964)<br>Musical|Romance<br>Popularity:333.0', ""Singin' in the Rain (1952)<br>Musical|Romance<br>Popularity:429.0"", ""Mary Poppins (1964)<br>Children's|Comedy|Musical<br>Popularity:496.0""]"
19,PmiPLRec,"['Lost Horizon (1937)<br>Drama<br>Popularity:39.0', 'Michael Collins (1996)<br>Drama|War<br>Popularity:56.0', 'Grease (1978)<br>Comedy|Musical|Romance<br>Popularity:260.0']","[""Mary Poppins (1964)<br>Children's|Comedy|Musical<br>Popularity:496.0"", 'My Fair Lady (1964)<br>Musical|Romance<br>Popularity:333.0', ""Lady and the Tramp (1955)<br>Animation|Children's|Comedy|Musical|Romance<br>Popularity:411.0""]"
35,PLRec,"['Madonna: Truth or Dare (1991)<br>Documentary<br>Popularity:29.0', 'Chambermaid on the Titanic, The (1998)<br>Romance<br>Popularity:5.0', 'Hairspray (1988)<br>Comedy|Drama<br>Popularity:158.0', 'Gilda (1946)<br>Film-Noir<br>Popularity:59.0']","['Gladiator (2000)<br>Action|Drama<br>Popularity:1095.0', 'Ed Wood (1994)<br>Comedy|Drama<br>Popularity:445.0', 'Rocky Horror Picture Show, The (1975)<br>Comedy|Horror|Musical|Sci-Fi<br>Popularity:417.0']"
35,PmiPLRec,"['Madonna: Truth or Dare (1991)<br>Documentary<br>Popularity:29.0', 'Chambermaid on the Titanic, The (1998)<br>Romance<br>Popularity:5.0', 'Hairspray (1988)<br>Comedy|Drama<br>Popularity:158.0', 'Gilda (1946)<br>Film-Noir<br>Popularity:59.0']","['Ed Wood (1994)<br>Comedy|Drama<br>Popularity:445.0', 'Grifters, The (1990)<br>Crime|Drama|Film-Noir<br>Popularity:454.0', ""Pee-wee's Big Adventure (1985)<br>Comedy<br>Popularity:325.0""]"
35,PureSVD,"['Madonna: Truth or Dare (1991)<br>Documentary<br>Popularity:29.0', 'Chambermaid on the Titanic, The (1998)<br>Romance<br>Popularity:5.0', 'Hairspray (1988)<br>Comedy|Drama<br>Popularity:158.0', 'Gilda (1946)<br>Film-Noir<br>Popularity:59.0']","['Gladiator (2000)<br>Action|Drama<br>Popularity:1095.0', 'Ed Wood (1994)<br>Comedy|Drama<br>Popularity:445.0', 'Rocky Horror Picture Show, The (1975)<br>Comedy|Horror|Musical|Sci-Fi<br>Popularity:417.0']"
24,PureSVD,"[""Margaret's Museum (1995)<br>Drama<br>Popularity:2.0"", 'Tough Guys (1986)<br>Comedy<br>Popularity:10.0', 'Haunting, The (1999)<br>Horror|Thriller<br>Popularity:45.0', 'Airplane II: The Sequel (1982)<br>Comedy<br>Popularity:120.0']","['Airplane! (1980)<br>Comedy<br>Popularity:1008.0', 'Galaxy Quest (1999)<br>Adventure|Comedy|Sci-Fi<br>Popularity:935.0', 'High Fidelity (2000)<br>Comedy<br>Popularity:723.0']"
24,PmiPLRec,"[""Margaret's Museum (1995)<br>Drama<br>Popularity:2.0"", 'Tough Guys (1986)<br>Comedy<br>Popularity:10.0', 'Haunting, The (1999)<br>Horror|Thriller<br>Popularity:45.0', 'Airplane II: The Sequel (1982)<br>Comedy<br>Popularity:120.0']","['Airplane! (1980)<br>Comedy<br>Popularity:1008.0', 'Back to the Future (1985)<br>Comedy|Sci-Fi<br>Popularity:1601.0', 'American Pie (1999)<br>Comedy<br>Popularity:671.0']"
24,PLRec,"[""Margaret's Museum (1995)<br>Drama<br>Popularity:2.0"", 'Tough Guys (1986)<br>Comedy<br>Popularity:10.0', 'Haunting, The (1999)<br>Horror|Thriller<br>Popularity:45.0', 'Airplane II: The Sequel (1982)<br>Comedy<br>Popularity:120.0']","['Airplane! (1980)<br>Comedy<br>Popularity:1008.0', 'Galaxy Quest (1999)<br>Adventure|Comedy|Sci-Fi<br>Popularity:935.0', 'High Fidelity (2000)<br>Comedy<br>Popularity:723.0']"
18,PLRec,"['Mimic (1997)<br>Sci-Fi|Thriller<br>Popularity:48.0', 'Odd Couple II, The (1998)<br>Comedy<br>Popularity:9.0', 'Knightriders (1981)<br>Action|Adventure|Drama<br>Popularity:7.0']","[""Babe (1995)<br>Children's|Comedy|Drama<br>Popularity:984.0"", 'Dark City (1998)<br>Film-Noir|Sci-Fi|Thriller<br>Popularity:451.0', 'Back to the Future Part III (1990)<br>Comedy|Sci-Fi|Western<br>Popularity:310.0']"
18,PureSVD,"['Mimic (1997)<br>Sci-Fi|Thriller<br>Popularity:48.0', 'Odd Couple II, The (1998)<br>Comedy<br>Popularity:9.0', 'Knightriders (1981)<br>Action|Adventure|Drama<br>Popularity:7.0']","[""Babe (1995)<br>Children's|Comedy|Drama<br>Popularity:984.0"", 'Dark City (1998)<br>Film-Noir|Sci-Fi|Thriller<br>Popularity:451.0', 'Run Lola Run (Lola rennt) (1998)<br>Action|Crime|Romance<br>Popularity:700.0']"
18,PmiPLRec,"['Mimic (1997)<br>Sci-Fi|Thriller<br>Popularity:48.0', 'Odd Couple II, The (1998)<br>Comedy<br>Popularity:9.0', 'Knightriders (1981)<br>Action|Adventure|Drama<br>Popularity:7.0']","['Dark City (1998)<br>Film-Noir|Sci-Fi|Thriller<br>Popularity:451.0', 'Back to the Future Part III (1990)<br>Comedy|Sci-Fi|Western<br>Popularity:310.0', 'Fifth Element, The (1997)<br>Action|Sci-Fi<br>Popularity:616.0']"
34,PLRec,"['Mulholland Falls (1996)<br>Crime|Film-Noir|Thriller<br>Popularity:59.0', 'Conformist, The (Il Conformista) (1970)<br>Drama<br>Popularity:38.0', 'Hand That Rocks the Cradle, The (1992)<br>Thriller<br>Popularity:68.0', 'Girl on the Bridge, The (La Fille sur le Pont) (1999)<br>Drama|Romance<br>Popularity:25.0']","['Basic Instinct (1992)<br>Mystery|Thriller<br>Popularity:231.0', 'Firm, The (1993)<br>Drama|Thriller<br>Popularity:291.0', 'Chinatown (1974)<br>Film-Noir|Mystery|Thriller<br>Popularity:791.0']"
34,PmiPLRec,"['Mulholland Falls (1996)<br>Crime|Film-Noir|Thriller<br>Popularity:59.0', 'Conformist, The (Il Conformista) (1970)<br>Drama<br>Popularity:38.0', 'Hand That Rocks the Cradle, The (1992)<br>Thriller<br>Popularity:68.0', 'Girl on the Bridge, The (La Fille sur le Pont) (1999)<br>Drama|Romance<br>Popularity:25.0']","['Chinatown (1974)<br>Film-Noir|Mystery|Thriller<br>Popularity:791.0', 'Firm, The (1993)<br>Drama|Thriller<br>Popularity:291.0', 'Basic Instinct (1992)<br>Mystery|Thriller<br>Popularity:231.0']"
34,PureSVD,"['Mulholland Falls (1996)<br>Crime|Film-Noir|Thriller<br>Popularity:59.0', 'Conformist, The (Il Conformista) (1970)<br>Drama<br>Popularity:38.0', 'Hand That Rocks the Cradle, The (1992)<br>Thriller<br>Popularity:68.0', 'Girl on the Bridge, The (La Fille sur le Pont) (1999)<br>Drama|Romance<br>Popularity:25.0']","['Basic Instinct (1992)<br>Mystery|Thriller<br>Popularity:231.0', 'Firm, The (1993)<br>Drama|Thriller<br>Popularity:291.0', 'Chinatown (1974)<br>Film-Noir|Mystery|Thriller<br>Popularity:791.0']"
27,PLRec,"['My Giant (1998)<br>Comedy<br>Popularity:3.0', 'Taste of Cherry (1997)<br>Drama<br>Popularity:13.0', 'Celebrity (1998)<br>Comedy<br>Popularity:12.0', 'American Werewolf in Paris, An (1997)<br>Comedy|Horror<br>Popularity:49.0', 'Superstar (1999)<br>Comedy<br>Popularity:29.0', ""Jesus' Son (1999)<br>Drama<br>Popularity:57.0""]","['Almost Famous (2000)<br>Comedy|Drama<br>Popularity:524.0', 'High Fidelity (2000)<br>Comedy<br>Popularity:723.0', 'Best in Show (2000)<br>Comedy<br>Popularity:293.0']"
27,PureSVD,"['My Giant (1998)<br>Comedy<br>Popularity:3.0', 'Taste of Cherry (1997)<br>Drama<br>Popularity:13.0', 'Celebrity (1998)<br>Comedy<br>Popularity:12.0', 'American Werewolf in Paris, An (1997)<br>Comedy|Horror<br>Popularity:49.0', 'Superstar (1999)<br>Comedy<br>Popularity:29.0', ""Jesus' Son (1999)<br>Drama<br>Popularity:57.0""]","['Almost Famous (2000)<br>Comedy|Drama<br>Popularity:524.0', 'High Fidelity (2000)<br>Comedy<br>Popularity:723.0', 'Best in Show (2000)<br>Comedy<br>Popularity:293.0']"
27,PmiPLRec,"['My Giant (1998)<br>Comedy<br>Popularity:3.0', 'Taste of Cherry (1997)<br>Drama<br>Popularity:13.0', 'Celebrity (1998)<br>Comedy<br>Popularity:12.0', 'American Werewolf in Paris, An (1997)<br>Comedy|Horror<br>Popularity:49.0', 'Superstar (1999)<br>Comedy<br>Popularity:29.0', ""Jesus' Son (1999)<br>Drama<br>Popularity:57.0""]","['Election (1999)<br>Comedy<br>Popularity:932.0', 'High Fidelity (2000)<br>Comedy<br>Popularity:723.0', 'American Beauty (1999)<br>Comedy|Drama<br>Popularity:2545.0']"
29,PureSVD,['On the Ropes (1999)<br>Documentary<br>Popularity:5.0'],"['Men in Black (1997)<br>Action|Adventure|Comedy|Sci-Fi<br>Popularity:1271.0', 'Hoop Dreams (1994)<br>Documentary<br>Popularity:450.0', 'Star Wars: Episode IV - A New Hope (1977)<br>Action|Adventure|Fantasy|Sci-Fi<br>Popularity:2234.0']"
29,PLRec,['On the Ropes (1999)<br>Documentary<br>Popularity:5.0'],"['Men in Black (1997)<br>Action|Adventure|Comedy|Sci-Fi<br>Popularity:1271.0', 'Hoop Dreams (1994)<br>Documentary<br>Popularity:450.0', 'Star Wars: Episode IV - A New Hope (1977)<br>Action|Adventure|Fantasy|Sci-Fi<br>Popularity:2234.0']"
29,PmiPLRec,['On the Ropes (1999)<br>Documentary<br>Popularity:5.0'],"['Hoop Dreams (1994)<br>Documentary<br>Popularity:450.0', 'Terminator 2: Judgment Day (1991)<br>Action|Sci-Fi|Thriller<br>Popularity:1737.0', 'American Beauty (1999)<br>Comedy|Drama<br>Popularity:2545.0']"
17,PmiPLRec,"['Picture Bride (1995)<br>Drama|Romance<br>Popularity:10.0', ""Muriel's Wedding (1994)<br>Comedy|Romance<br>Popularity:218.0"", 'Kolya (1996)<br>Comedy<br>Popularity:120.0']","['Four Weddings and a Funeral (1994)<br>Comedy|Romance<br>Popularity:568.0', 'Full Monty, The (1997)<br>Comedy<br>Popularity:639.0', 'Clueless (1995)<br>Comedy|Romance<br>Popularity:628.0']"
17,PureSVD,"['Picture Bride (1995)<br>Drama|Romance<br>Popularity:10.0', ""Muriel's Wedding (1994)<br>Comedy|Romance<br>Popularity:218.0"", 'Kolya (1996)<br>Comedy<br>Popularity:120.0']","['Full Monty, The (1997)<br>Comedy<br>Popularity:639.0', 'Four Weddings and a Funeral (1994)<br>Comedy|Romance<br>Popularity:568.0', 'L.A. Confidential (1997)<br>Crime|Film-Noir|Mystery|Thriller<br>Popularity:1572.0']"
17,PLRec,"['Picture Bride (1995)<br>Drama|Romance<br>Popularity:10.0', ""Muriel's Wedding (1994)<br>Comedy|Romance<br>Popularity:218.0"", 'Kolya (1996)<br>Comedy<br>Popularity:120.0']","['Full Monty, The (1997)<br>Comedy<br>Popularity:639.0', 'Four Weddings and a Funeral (1994)<br>Comedy|Romance<br>Popularity:568.0', 'L.A. Confidential (1997)<br>Crime|Film-Noir|Mystery|Thriller<br>Popularity:1572.0']"
32,PureSVD,"['Police Academy 2: Their First Assignment (1985)<br>Comedy<br>Popularity:20.0', 'Sunshine (1999)<br>Drama<br>Popularity:33.0']","['High Fidelity (2000)<br>Comedy<br>Popularity:723.0', 'Almost Famous (2000)<br>Comedy|Drama<br>Popularity:524.0', 'Star Wars: Episode IV - A New Hope (1977)<br>Action|Adventure|Fantasy|Sci-Fi<br>Popularity:2234.0']"
32,PmiPLRec,"['Police Academy 2: Their First Assignment (1985)<br>Comedy<br>Popularity:20.0', 'Sunshine (1999)<br>Drama<br>Popularity:33.0']","['Almost Famous (2000)<br>Comedy|Drama<br>Popularity:524.0', 'High Fidelity (2000)<br>Comedy<br>Popularity:723.0', ""Boys Don't Cry (1999)<br>Drama<br>Popularity:521.0""]"
32,PLRec,"['Police Academy 2: Their First Assignment (1985)<br>Comedy<br>Popularity:20.0', 'Sunshine (1999)<br>Drama<br>Popularity:33.0']","['High Fidelity (2000)<br>Comedy<br>Popularity:723.0', 'Almost Famous (2000)<br>Comedy|Drama<br>Popularity:524.0', 'Star Wars: Episode IV - A New Hope (1977)<br>Action|Adventure|Fantasy|Sci-Fi<br>Popularity:2234.0']"
49,PLRec,"['Primal Fear (1996)<br>Drama|Thriller<br>Popularity:240.0', 'Twister (1996)<br>Action|Adventure|Romance|Thriller<br>Popularity:292.0', 'Scream 3 (2000)<br>Horror|Mystery|Thriller<br>Popularity:89.0']","['Jaws (1975)<br>Action|Horror<br>Popularity:976.0', 'Speed (1994)<br>Action|Romance|Thriller<br>Popularity:704.0', 'Jurassic Park (1993)<br>Action|Adventure|Sci-Fi<br>Popularity:1418.0']"
49,PureSVD,"['Primal Fear (1996)<br>Drama|Thriller<br>Popularity:240.0', 'Twister (1996)<br>Action|Adventure|Romance|Thriller<br>Popularity:292.0', 'Scream 3 (2000)<br>Horror|Mystery|Thriller<br>Popularity:89.0']","['Jaws (1975)<br>Action|Horror<br>Popularity:976.0', 'Armageddon (1998)<br>Action|Adventure|Sci-Fi|Thriller<br>Popularity:341.0', 'Speed (1994)<br>Action|Romance|Thriller<br>Popularity:704.0']"
49,PmiPLRec,"['Primal Fear (1996)<br>Drama|Thriller<br>Popularity:240.0', 'Twister (1996)<br>Action|Adventure|Romance|Thriller<br>Popularity:292.0', 'Scream 3 (2000)<br>Horror|Mystery|Thriller<br>Popularity:89.0']","['Speed (1994)<br>Action|Romance|Thriller<br>Popularity:704.0', 'Independence Day (ID4) (1996)<br>Action|Sci-Fi|War<br>Popularity:684.0', 'Rock, The (1996)<br>Action|Adventure|Thriller<br>Popularity:641.0']"
25,PLRec,"['Raging Bull (1980)<br>Drama<br>Popularity:395.0', 'Thousand Acres, A (1997)<br>Drama<br>Popularity:8.0', ""Jungle Book, The (1967)<br>Animation|Children's|Comedy|Musical<br>Popularity:295.0"", 'Public Access (1993)<br>Drama|Thriller<br>Popularity:1.0', ""Pok\xc3\xa9mon: The First Movie (1998)<br>Animation|Children's<br>Popularity:10.0""]","['Taxi Driver (1976)<br>Drama|Thriller<br>Popularity:807.0', ""Willy Wonka and the Chocolate Factory (1971)<br>Adventure|Children's|Comedy|Fantasy<br>Popularity:586.0"", ""Fantasia (1940)<br>Animation|Children's|Musical<br>Popularity:454.0""]"
25,PmiPLRec,"['Raging Bull (1980)<br>Drama<br>Popularity:395.0', 'Thousand Acres, A (1997)<br>Drama<br>Popularity:8.0', ""Jungle Book, The (1967)<br>Animation|Children's|Comedy|Musical<br>Popularity:295.0"", 'Public Access (1993)<br>Drama|Thriller<br>Popularity:1.0', ""Pok\xc3\xa9mon: The First Movie (1998)<br>Animation|Children's<br>Popularity:10.0""]","[""Fantasia (1940)<br>Animation|Children's|Musical<br>Popularity:454.0"", 'Taxi Driver (1976)<br>Drama|Thriller<br>Popularity:807.0', ""Snow White and the Seven Dwarfs (1937)<br>Animation|Children's|Musical<br>Popularity:330.0""]"
25,PureSVD,"['Raging Bull (1980)<br>Drama<br>Popularity:395.0', 'Thousand Acres, A (1997)<br>Drama<br>Popularity:8.0', ""Jungle Book, The (1967)<br>Animation|Children's|Comedy|Musical<br>Popularity:295.0"", 'Public Access (1993)<br>Drama|Thriller<br>Popularity:1.0', ""Pok\xc3\xa9mon: The First Movie (1998)<br>Animation|Children's<br>Popularity:10.0""]","['Taxi Driver (1976)<br>Drama|Thriller<br>Popularity:807.0', ""Willy Wonka and the Chocolate Factory (1971)<br>Adventure|Children's|Comedy|Fantasy<br>Popularity:586.0"", ""Fantasia (1940)<br>Animation|Children's|Musical<br>Popularity:454.0""]"
7,PureSVD,"['Rainmaker, The (1997)<br>Drama<br>Popularity:114.0', 'Closer You Get, The (2000)<br>Comedy|Romance<br>Popularity:2.0']","['Few Good Men, A (1992)<br>Crime|Drama<br>Popularity:506.0', 'Apollo 13 (1995)<br>Drama<br>Popularity:682.0', 'Titanic (1997)<br>Drama|Romance<br>Popularity:654.0']"
7,PLRec,"['Rainmaker, The (1997)<br>Drama<br>Popularity:114.0', 'Closer You Get, The (2000)<br>Comedy|Romance<br>Popularity:2.0']","['Few Good Men, A (1992)<br>Crime|Drama<br>Popularity:506.0', 'Apollo 13 (1995)<br>Drama<br>Popularity:682.0', 'Titanic (1997)<br>Drama|Romance<br>Popularity:654.0']"
7,PmiPLRec,"['Rainmaker, The (1997)<br>Drama<br>Popularity:114.0', 'Closer You Get, The (2000)<br>Comedy|Romance<br>Popularity:2.0']","['Few Good Men, A (1992)<br>Crime|Drama<br>Popularity:506.0', 'Apollo 13 (1995)<br>Drama<br>Popularity:682.0', 'Good Will Hunting (1997)<br>Drama<br>Popularity:965.0']"
42,PmiPLRec,"['Ref, The (1994)<br>Comedy<br>Popularity:138.0', 'Die Hard 2 (1990)<br>Action|Thriller<br>Popularity:457.0', 'Slums of Beverly Hills, The (1998)<br>Comedy<br>Popularity:62.0', ""Devil's Brigade, The (1968)<br>War<br>Popularity:6.0""]","['Speed (1994)<br>Action|Romance|Thriller<br>Popularity:704.0', 'Fugitive, The (1993)<br>Action|Thriller<br>Popularity:1277.0', 'Rock, The (1996)<br>Action|Adventure|Thriller<br>Popularity:641.0']"
42,PLRec,"['Ref, The (1994)<br>Comedy<br>Popularity:138.0', 'Die Hard 2 (1990)<br>Action|Thriller<br>Popularity:457.0', 'Slums of Beverly Hills, The (1998)<br>Comedy<br>Popularity:62.0', ""Devil's Brigade, The (1968)<br>War<br>Popularity:6.0""]","['Die Hard (1988)<br>Action|Thriller<br>Popularity:1031.0', 'Die Hard: With a Vengeance (1995)<br>Action|Thriller<br>Popularity:316.0', 'Total Recall (1990)<br>Action|Adventure|Sci-Fi|Thriller<br>Popularity:996.0']"
42,PureSVD,"['Ref, The (1994)<br>Comedy<br>Popularity:138.0', 'Die Hard 2 (1990)<br>Action|Thriller<br>Popularity:457.0', 'Slums of Beverly Hills, The (1998)<br>Comedy<br>Popularity:62.0', ""Devil's Brigade, The (1968)<br>War<br>Popularity:6.0""]","['Die Hard (1988)<br>Action|Thriller<br>Popularity:1031.0', 'Die Hard: With a Vengeance (1995)<br>Action|Thriller<br>Popularity:316.0', 'Total Recall (1990)<br>Action|Adventure|Sci-Fi|Thriller<br>Popularity:996.0']"
38,PureSVD,"['Rent-a-Kid (1995)<br>Comedy<br>Popularity:0.0', 'Chamber, The (1996)<br>Drama<br>Popularity:16.0', 'Horror Express (1972)<br>Horror<br>Popularity:4.0', ""Murphy's Romance (1985)<br>Comedy|Romance<br>Popularity:81.0""]","['Romancing the Stone (1984)<br>Action|Adventure|Comedy|Romance<br>Popularity:566.0', 'Lethal Weapon (1987)<br>Action|Comedy|Crime|Drama<br>Popularity:902.0', 'Lethal Weapon 2 (1989)<br>Action|Comedy|Crime|Drama<br>Popularity:408.0']"
38,PmiPLRec,"['Rent-a-Kid (1995)<br>Comedy<br>Popularity:0.0', 'Chamber, The (1996)<br>Drama<br>Popularity:16.0', 'Horror Express (1972)<br>Horror<br>Popularity:4.0', ""Murphy's Romance (1985)<br>Comedy|Romance<br>Popularity:81.0""]","['Romancing the Stone (1984)<br>Action|Adventure|Comedy|Romance<br>Popularity:566.0', 'Splash (1984)<br>Comedy|Fantasy|Romance<br>Popularity:350.0', 'Mr. Mom (1983)<br>Comedy|Drama<br>Popularity:189.0']"
38,PLRec,"['Rent-a-Kid (1995)<br>Comedy<br>Popularity:0.0', 'Chamber, The (1996)<br>Drama<br>Popularity:16.0', 'Horror Express (1972)<br>Horror<br>Popularity:4.0', ""Murphy's Romance (1985)<br>Comedy|Romance<br>Popularity:81.0""]","['Romancing the Stone (1984)<br>Action|Adventure|Comedy|Romance<br>Popularity:566.0', 'Butch Cassidy and the Sundance Kid (1969)<br>Action|Comedy|Western<br>Popularity:954.0', 'Lethal Weapon (1987)<br>Action|Comedy|Crime|Drama<br>Popularity:902.0']"
33,PmiPLRec,"['Romper Stomper (1992)<br>Action|Drama<br>Popularity:29.0', 'Wild Reeds (1994)<br>Drama<br>Popularity:19.0', 'Thousand Acres, A (1997)<br>Drama<br>Popularity:8.0', 'Turtle Diary (1985)<br>Drama<br>Popularity:7.0', 'Raise the Titanic (1980)<br>Drama|Thriller<br>Popularity:2.0', 'Shane (1953)<br>Drama|Western<br>Popularity:124.0']","['Bridge on the River Kwai, The (1957)<br>Drama|War<br>Popularity:614.0', 'Killing Fields, The (1984)<br>Drama|War<br>Popularity:470.0', 'Patton (1970)<br>Drama|War<br>Popularity:372.0']"
33,PureSVD,"['Romper Stomper (1992)<br>Action|Drama<br>Popularity:29.0', 'Wild Reeds (1994)<br>Drama<br>Popularity:19.0', 'Thousand Acres, A (1997)<br>Drama<br>Popularity:8.0', 'Turtle Diary (1985)<br>Drama<br>Popularity:7.0', 'Raise the Titanic (1980)<br>Drama|Thriller<br>Popularity:2.0', 'Shane (1953)<br>Drama|Western<br>Popularity:124.0']","['Fargo (1996)<br>Crime|Drama|Thriller<br>Popularity:1726.0', 'Terminator 2: Judgment Day (1991)<br>Action|Sci-Fi|Thriller<br>Popularity:1737.0', 'Unforgiven (1992)<br>Western<br>Popularity:515.0']"
33,PLRec,"['Romper Stomper (1992)<br>Action|Drama<br>Popularity:29.0', 'Wild Reeds (1994)<br>Drama<br>Popularity:19.0', 'Thousand Acres, A (1997)<br>Drama<br>Popularity:8.0', 'Turtle Diary (1985)<br>Drama<br>Popularity:7.0', 'Raise the Titanic (1980)<br>Drama|Thriller<br>Popularity:2.0', 'Shane (1953)<br>Drama|Western<br>Popularity:124.0']","['Fargo (1996)<br>Crime|Drama|Thriller<br>Popularity:1726.0', 'Terminator 2: Judgment Day (1991)<br>Action|Sci-Fi|Thriller<br>Popularity:1737.0', 'Unforgiven (1992)<br>Western<br>Popularity:515.0']"
45,PLRec,"['Sabotage (1936)<br>Thriller<br>Popularity:19.0', 'Place in the Sun, A (1951)<br>Drama|Romance<br>Popularity:62.0']","[""Schindler's List (1993)<br>Drama|War<br>Popularity:1770.0"", 'Notorious (1946)<br>Film-Noir|Romance|Thriller<br>Popularity:276.0', 'Strangers on a Train (1951)<br>Film-Noir|Thriller<br>Popularity:323.0']"
45,PmiPLRec,"['Sabotage (1936)<br>Thriller<br>Popularity:19.0', 'Place in the Sun, A (1951)<br>Drama|Romance<br>Popularity:62.0']","['Notorious (1946)<br>Film-Noir|Romance|Thriller<br>Popularity:276.0', 'Strangers on a Train (1951)<br>Film-Noir|Thriller<br>Popularity:323.0', 'Rear Window (1954)<br>Mystery|Thriller<br>Popularity:660.0']"
45,PureSVD,"['Sabotage (1936)<br>Thriller<br>Popularity:19.0', 'Place in the Sun, A (1951)<br>Drama|Romance<br>Popularity:62.0']","[""Schindler's List (1993)<br>Drama|War<br>Popularity:1770.0"", 'Notorious (1946)<br>Film-Noir|Romance|Thriller<br>Popularity:276.0', 'Strangers on a Train (1951)<br>Film-Noir|Thriller<br>Popularity:323.0']"
10,PLRec,"['Sabrina (1995)<br>Comedy|Romance<br>Popularity:119.0', 'Message to Love: The Isle of Wight Festival (1996)<br>Documentary<br>Popularity:3.0', ""Watership Down (1978)<br>Animation|Children's|Drama|Fantasy<br>Popularity:135.0"", 'Pink Flamingos (1972)<br>Comedy<br>Popularity:48.0']","['Sleepless in Seattle (1993)<br>Comedy|Romance<br>Popularity:407.0', 'Pretty Woman (1990)<br>Comedy|Romance<br>Popularity:388.0', ""You've Got Mail (1998)<br>Comedy|Romance<br>Popularity:241.0""]"
10,PmiPLRec,"['Sabrina (1995)<br>Comedy|Romance<br>Popularity:119.0', 'Message to Love: The Isle of Wight Festival (1996)<br>Documentary<br>Popularity:3.0', ""Watership Down (1978)<br>Animation|Children's|Drama|Fantasy<br>Popularity:135.0"", 'Pink Flamingos (1972)<br>Comedy<br>Popularity:48.0']","['Sleepless in Seattle (1993)<br>Comedy|Romance<br>Popularity:407.0', 'Pretty Woman (1990)<br>Comedy|Romance<br>Popularity:388.0', 'Notting Hill (1999)<br>Comedy|Romance<br>Popularity:301.0']"
10,PureSVD,"['Sabrina (1995)<br>Comedy|Romance<br>Popularity:119.0', 'Message to Love: The Isle of Wight Festival (1996)<br>Documentary<br>Popularity:3.0', ""Watership Down (1978)<br>Animation|Children's|Drama|Fantasy<br>Popularity:135.0"", 'Pink Flamingos (1972)<br>Comedy<br>Popularity:48.0']","['Sleepless in Seattle (1993)<br>Comedy|Romance<br>Popularity:407.0', 'Pretty Woman (1990)<br>Comedy|Romance<br>Popularity:388.0', ""You've Got Mail (1998)<br>Comedy|Romance<br>Popularity:241.0""]"
39,PureSVD,"[""Son of Flubber (1963)<br>Children's|Comedy<br>Popularity:11.0"", 'Hunger, The (1983)<br>Horror<br>Popularity:43.0']","['Fight Club (1999)<br>Drama<br>Popularity:835.0', 'Blade Runner (1982)<br>Film-Noir|Sci-Fi<br>Popularity:1203.0', 'Young Frankenstein (1974)<br>Comedy|Horror<br>Popularity:720.0']"
39,PmiPLRec,"[""Son of Flubber (1963)<br>Children's|Comedy<br>Popularity:11.0"", 'Hunger, The (1983)<br>Horror<br>Popularity:43.0']","['Exorcist, The (1973)<br>Horror<br>Popularity:411.0', 'Shining, The (1980)<br>Horror<br>Popularity:530.0', 'Young Frankenstein (1974)<br>Comedy|Horror<br>Popularity:720.0']"
39,PLRec,"[""Son of Flubber (1963)<br>Children's|Comedy<br>Popularity:11.0"", 'Hunger, The (1983)<br>Horror<br>Popularity:43.0']","['Fight Club (1999)<br>Drama<br>Popularity:835.0', 'Blade Runner (1982)<br>Film-Noir|Sci-Fi<br>Popularity:1203.0', 'Young Frankenstein (1974)<br>Comedy|Horror<br>Popularity:720.0']"
6,PmiPLRec,"[""Space Jam (1996)<br>Adventure|Animation|Children's|Comedy|Fantasy<br>Popularity:67.0"", 'Raise the Red Lantern (1991)<br>Drama<br>Popularity:185.0', 'Anna and the King (1999)<br>Drama|Romance<br>Popularity:102.0', 'Nurse Betty (2000)<br>Comedy|Thriller<br>Popularity:201.0']","['Almost Famous (2000)<br>Comedy|Drama<br>Popularity:524.0', 'High Fidelity (2000)<br>Comedy<br>Popularity:723.0', 'Erin Brockovich (2000)<br>Drama<br>Popularity:654.0']"
6,PureSVD,"[""Space Jam (1996)<br>Adventure|Animation|Children's|Comedy|Fantasy<br>Popularity:67.0"", 'Raise the Red Lantern (1991)<br>Drama<br>Popularity:185.0', 'Anna and the King (1999)<br>Drama|Romance<br>Popularity:102.0', 'Nurse Betty (2000)<br>Comedy|Thriller<br>Popularity:201.0']","['Almost Famous (2000)<br>Comedy|Drama<br>Popularity:524.0', 'High Fidelity (2000)<br>Comedy<br>Popularity:723.0', 'Meet the Parents (2000)<br>Comedy<br>Popularity:320.0']"
6,PLRec,"[""Space Jam (1996)<br>Adventure|Animation|Children's|Comedy|Fantasy<br>Popularity:67.0"", 'Raise the Red Lantern (1991)<br>Drama<br>Popularity:185.0', 'Anna and the King (1999)<br>Drama|Romance<br>Popularity:102.0', 'Nurse Betty (2000)<br>Comedy|Thriller<br>Popularity:201.0']","['Almost Famous (2000)<br>Comedy|Drama<br>Popularity:524.0', 'High Fidelity (2000)<br>Comedy<br>Popularity:723.0', 'Meet the Parents (2000)<br>Comedy<br>Popularity:320.0']"
48,PLRec,"[""Swiss Family Robinson (1960)<br>Adventure|Children's<br>Popularity:86.0"", 'Some Kind of Wonderful (1987)<br>Drama|Romance<br>Popularity:68.0', 'B. Monkey (1998)<br>Romance|Thriller<br>Popularity:7.0', 'Our Town (1940)<br>Drama<br>Popularity:18.0']","['Say Anything... (1989)<br>Comedy|Drama|Romance<br>Popularity:501.0', 'When Harry Met Sally... (1989)<br>Comedy|Romance<br>Popularity:878.0', 'Breakfast Club, The (1985)<br>Comedy|Drama<br>Popularity:815.0']"
48,PureSVD,"[""Swiss Family Robinson (1960)<br>Adventure|Children's<br>Popularity:86.0"", 'Some Kind of Wonderful (1987)<br>Drama|Romance<br>Popularity:68.0', 'B. Monkey (1998)<br>Romance|Thriller<br>Popularity:7.0', 'Our Town (1940)<br>Drama<br>Popularity:18.0']","['Say Anything... (1989)<br>Comedy|Drama|Romance<br>Popularity:501.0', 'When Harry Met Sally... (1989)<br>Comedy|Romance<br>Popularity:878.0', 'Breakfast Club, The (1985)<br>Comedy|Drama<br>Popularity:815.0']"
48,PmiPLRec,"[""Swiss Family Robinson (1960)<br>Adventure|Children's<br>Popularity:86.0"", 'Some Kind of Wonderful (1987)<br>Drama|Romance<br>Popularity:68.0', 'B. Monkey (1998)<br>Romance|Thriller<br>Popularity:7.0', 'Our Town (1940)<br>Drama<br>Popularity:18.0']","[""E.T. the Extra-Terrestrial (1982)<br>Children's|Drama|Fantasy|Sci-Fi<br>Popularity:1295.0"", ""Lady and the Tramp (1955)<br>Animation|Children's|Comedy|Musical|Romance<br>Popularity:411.0"", ""Wizard of Oz, The (1939)<br>Adventure|Children's|Drama|Musical<br>Popularity:1059.0""]"
40,PureSVD,"['Tales from the Crypt Presents: Bordello of Blood (1996)<br>Horror<br>Popularity:23.0', 'Talk of Angels (1998)<br>Drama<br>Popularity:0.0', 'Rocky II (1979)<br>Action|Drama<br>Popularity:98.0']","['Rocky (1976)<br>Action|Drama<br>Popularity:553.0', 'Star Wars: Episode IV - A New Hope (1977)<br>Action|Adventure|Fantasy|Sci-Fi<br>Popularity:2234.0', 'Jaws (1975)<br>Action|Horror<br>Popularity:976.0']"
40,PmiPLRec,"['Tales from the Crypt Presents: Bordello of Blood (1996)<br>Horror<br>Popularity:23.0', 'Talk of Angels (1998)<br>Drama<br>Popularity:0.0', 'Rocky II (1979)<br>Action|Drama<br>Popularity:98.0']","['Rocky (1976)<br>Action|Drama<br>Popularity:553.0', 'Jaws (1975)<br>Action|Horror<br>Popularity:976.0', 'Lethal Weapon 2 (1989)<br>Action|Comedy|Crime|Drama<br>Popularity:408.0']"
40,PLRec,"['Tales from the Crypt Presents: Bordello of Blood (1996)<br>Horror<br>Popularity:23.0', 'Talk of Angels (1998)<br>Drama<br>Popularity:0.0', 'Rocky II (1979)<br>Action|Drama<br>Popularity:98.0']","['Rocky (1976)<br>Action|Drama<br>Popularity:553.0', 'Star Wars: Episode IV - A New Hope (1977)<br>Action|Adventure|Fantasy|Sci-Fi<br>Popularity:2234.0', 'Jaws (1975)<br>Action|Horror<br>Popularity:976.0']"
46,PLRec,"['Three Colors: White (1994)<br>Drama<br>Popularity:106.0', 'Six of a Kind (1934)<br>Comedy<br>Popularity:0.0', 'Mina Tannenbaum (1994)<br>Drama<br>Popularity:4.0', 'Love Letter, The (1999)<br>Comedy|Romance<br>Popularity:23.0']","['Three Colors: Red (1994)<br>Drama<br>Popularity:219.0', 'Shawshank Redemption, The (1994)<br>Drama<br>Popularity:1701.0', 'Secrets & Lies (1996)<br>Drama<br>Popularity:280.0']"
46,PmiPLRec,"['Three Colors: White (1994)<br>Drama<br>Popularity:106.0', 'Six of a Kind (1934)<br>Comedy<br>Popularity:0.0', 'Mina Tannenbaum (1994)<br>Drama<br>Popularity:4.0', 'Love Letter, The (1999)<br>Comedy|Romance<br>Popularity:23.0']","['Three Colors: Red (1994)<br>Drama<br>Popularity:219.0', 'Secrets & Lies (1996)<br>Drama<br>Popularity:280.0', 'Like Water for Chocolate (Como agua para chocolate) (1992)<br>Drama|Romance<br>Popularity:420.0']"
46,PureSVD,"['Three Colors: White (1994)<br>Drama<br>Popularity:106.0', 'Six of a Kind (1934)<br>Comedy<br>Popularity:0.0', 'Mina Tannenbaum (1994)<br>Drama<br>Popularity:4.0', 'Love Letter, The (1999)<br>Comedy|Romance<br>Popularity:23.0']","['Three Colors: Red (1994)<br>Drama<br>Popularity:219.0', 'Shawshank Redemption, The (1994)<br>Drama<br>Popularity:1701.0', 'Secrets & Lies (1996)<br>Drama<br>Popularity:280.0']"
20,PureSVD,"['Time to Kill, A (1996)<br>Drama<br>Popularity:122.0', 'My Own Private Idaho (1991)<br>Drama<br>Popularity:66.0']","['Titanic (1997)<br>Drama|Romance<br>Popularity:654.0', 'Fried Green Tomatoes (1991)<br>Drama<br>Popularity:238.0', 'Few Good Men, A (1992)<br>Crime|Drama<br>Popularity:506.0']"
20,PLRec,"['Time to Kill, A (1996)<br>Drama<br>Popularity:122.0', 'My Own Private Idaho (1991)<br>Drama<br>Popularity:66.0']","['Titanic (1997)<br>Drama|Romance<br>Popularity:654.0', 'Fried Green Tomatoes (1991)<br>Drama<br>Popularity:238.0', 'Few Good Men, A (1992)<br>Crime|Drama<br>Popularity:506.0']"
20,PmiPLRec,"['Time to Kill, A (1996)<br>Drama<br>Popularity:122.0', 'My Own Private Idaho (1991)<br>Drama<br>Popularity:66.0']","['Few Good Men, A (1992)<br>Crime|Drama<br>Popularity:506.0', 'Good Will Hunting (1997)<br>Drama<br>Popularity:965.0', 'Philadelphia (1993)<br>Drama<br>Popularity:245.0']"
